title,price,rating,reviews,availability
Sony PS5 Console,"₹44,990.00",4.6 out of 5 stars,"1,448 ratings",In stock
Sony PlayStation®5 Digital Edition (slim),"₹39,990.00",3.8 out of 5 stars,10 ratings,In stock
Sony PlayStation®5 Console (slim),"₹49,990.00",3.8 out of 5 stars,11 ratings,In stock
Sony PS5 Console - Cricket 24 Bundle,"₹54,999.00",4.5 out of 5 stars,68 ratings,In stock
Sony PS5 Console Digital Standalone,"₹44,990.00",4.7 out of 5 stars,523 ratings,In stock
Sony PS5 Console - Call of Duty Modern Warfare III Bundle,"₹56,999.00",4.5 out of 5 stars,64 ratings,In stock
Sony DualSense Wireless Controller White (PlayStation 5),"₹5,749.00",4.5 out of 5 stars,"3,866 ratings",In stock
Sony PS5 PlayStation Console+God Of War Ragnarok | Standard Edition | PS5 Game (PlayStation 5),"₹47,989.00",4.6 out of 5 stars,67 ratings,In stock
Sony PlayStation VR2 Horizon Call of the Mountain Bundle (PlayStation 5),"₹61,499.00",4.4 out of 5 stars,10 ratings,In stock
Playstation Portal For Ps5,"₹29,690.00",4.2 out of 5 stars,940 ratings,Only 2 left in stock.
"atdaraz Ps5 Controller Charger Station,Ps5 Charging Dock Accessories For Dualsense Controller, Atdaraz Ps5 Console Top 2.5H Charging Stand With Led Indicator Black,, USB, Black","₹3,499.00",Previous page,,Only 2 left in stock.
"PSS Storage Bag for PS5 Slim, Travel Bag for PS5 Slim Carrying Case Briefcase Type Protective Hard Sell Shockproof Compatible with Playstation 5 Slim Console Disk/Digital Games Accessories Black","₹2,299.00",Previous page,,In stock
Sony PS5 Console - EA SPORTS FC24 Bundle,"₹56,999.00",4.6 out of 5 stars,127 ratings,In stock
Sony PS5 PlayStation Console +DualSense Wireless Controller Red (PlayStation 5),"₹50,689.00",5.0 out of 5 stars,3 ratings,In stock
Sony God Of War Ragnarok | Standard Edition | PS5 Game (PlayStation 5),"₹2,999.00",4.7 out of 5 stars,"4,258 ratings",In stock
Sony Uncharted: Legacy Of Thieves Collection | Ps5 Game (Playstation 5),"₹1,499.00",4.6 out of 5 stars,484 ratings,In stock
PlayStation Portal Remote Player for PlayStation 5,"₹29,990.00",4.4 out of 5 stars,631 ratings,Only 2 left in stock.
"PSS Headset Holder for PS5/PS5 Slim Hook Hanger Holder for PS5 Headphone Stand Holder compatible For Playstation 5 PS5 Gaming Headset Accessories, White (HEADPHONE NOT INCLUDED",₹499.00,Previous page,,In stock
"PSS PS5 Travel Bag, PlayStation5 Briefcase Hard Shell Carrying Case Protective Storage Bag Shockproof Compatible with PS5 Console/ Controller, Headset, Charging Dock, Games Accessories - Black","₹2,266.00",4.3 out of 5 stars,8 ratings,In stock
"yantralay Carrying case for PS5 Console Gamepad Controller Headphone VR Travel Bag , Playstation 5 Accessories (Black)","₹2,302.00",4.6 out of 5 stars,23 ratings,In stock
"PSS Storage Bag for PS5 , Travel Bag for PS5 , Carrying Case for PS5, Waterproof Shoulder Bag Compatible for Playstation 5 Hard Shell Compartment Accessories - Camo","₹1,999.00",5.0 out of 5 stars,1 rating,In stock
Dorca® Dust Cover for Sony Playstation 5 Cover Disc & Digital Edition,₹249.00,4.4 out of 5 stars,"1,003 ratings",In stock
